"","tmp.hash","tmp.tx"
"1","fd7d89190e5c165cf36284ea0fca46c98216328c","Taxon_001"
"2","02e4a86c119ca4b65e5b616135fa996aa2eb4372","Taxon_002"
"3","8519a7f742cabfdb887dc2013feba40c4584b8db","Taxon_003"
"4","a2f2121e42c56aa5bd2b1fca2bd1b29869d2400a","Taxon_004"
"5","29c5193eb0e4e364b7127ff7590e8eb751d24740","Taxon_005"
"6","ca4009e9f4961a466d717e77ddddcf64a374073d","Taxon_006"
"7","7dbf395943f2d5fbcd48d1ecf04177754e45897c","Taxon_007"
"8","45021e9e89c53ef5f48f72634214c0b7fe16faf7","Taxon_008"
"9","f09834c7bc375ec264822546022b8a464942b771","Taxon_009"
"10","881ff4ba8281aa3ee5768375787010a40a8a8e07","Taxon_010"
"11","d6f69979e2e7c50e468fdb7a4ad00eb8296b8bf9","Taxon_011"
"12","580a64b0134da56e49bf06482ed6ee164d8a6ec5","Taxon_012"
"13","7cbe946625f416ad59615f0ddca7884268f33de2","Taxon_013"
"14","406fa60aca9050eb5a745a0151f0b0d8f8f925d3","Taxon_014"
"15","d84391b013a0c0b0f0e588766fb6a2f47f8bc81c","Taxon_015"
"16","36407875cc923275d51190ecc01211e3e41564d4","Taxon_016"
"17","23bf5f5d24f589cba120a8635ee13e9817d90a52","Taxon_017"
"18","612b5c4dd09654241a7d4507f9440c98bf19cee7","Taxon_018"
"19","9cd29cad00fb199120f2c8821f31312fbfa2648a","Taxon_019"
"20","3e06b62ad705008a2555c7ad0b8332236b108c7d","Taxon_020"
"21","8d4bbc6ce4b6ec02b439fdf354147ee4b4399269","Taxon_021"
"22","49b916c007d3dbb75da7ceb655dd8cefb4e15ac4","Taxon_022"
"23","a56843c86d60d4423f69f4836868d31ea7eadf22","Taxon_023"
"24","091608e9343c9f2c79ff64e3fcfbcdfbce8653bc","Taxon_024"
"25","63a7d0273f9bdd41fc062c411d5c529730a67ff1","Taxon_025"
"26","5dbce0075732b37e517721c275ba3c2e14e50196","Taxon_026"
"27","94b310b913e0d26c0720e1775a3f2a7f2dd6af18","Taxon_027"
"28","08138115cd3348ae7df3386366b72d3f2c9c799f","Taxon_028"
"29","fe72cd5c92fc95d33982bc5916c5d015404e2977","Taxon_029"
"30","a541e363cb43edf898d30bc72c605a15295ca279","Taxon_030"
"31","39486bfd14b51a2baca5d6099bda03dd0fffbd36","Taxon_031"
"32","283644eb8d941b9a13d3362d651fe1e62f80f90d","Taxon_032"
"33","1e6945fc9530d27431daf984acf48edf3c0b51fc","Taxon_033"
"34","c71cd4b90565fc28c29d32031efd237f4d649c77","Taxon_034"
"35","e330f6d1a7768b21c34c1d9d6814f5b48c87b05a","Taxon_035"
"36","3fa5cad0e8bd81303eed0492a7c0dd91d85747be","Taxon_036"
"37","da83c719cc06209b92f6b2c6a335a055a2db77cf","Taxon_037"
"38","c36de2f97f1e499dcb7519b773162f03e82e79b7","Taxon_038"
"39","8cef7b027e960afaa1b27b3dae54739f50c9639a","Taxon_039"
"40","b53e3d193756f1b45b2441bdd0aa7cbb57222c42","Taxon_040"
"41","e412888b285744162ca1c49feccb3b77eb959f99","Taxon_041"
"42","ea85513d43bb12b9005ea00fd58e70d93c928d68","Taxon_042"
"43","aa4c2243bea634574e270f36c7a2ec7a88ab53c4","Taxon_043"
"44","bd2f7a173fd3c733d5234b14bff67d4c2dd58316","Taxon_044"
"45","fdb3b7244fab4d159765916f2da8e055a0914567","Taxon_045"
"46","185824f7d4a43613756c10e1eb0fc14203c5fb2a","Taxon_046"
"47","78ea056239343a0cf4431089cf1b957878ac7bd3","Taxon_047"
"48","0157caebf0397f2e2ec6a0d768f081a53885d54f","Taxon_048"
"49","f5b5aded2ca74ffb7f6b02448ffa90a36de662df","Taxon_049"
"50","e65f511d819ef32a2941c6d56d076a8616b71c25","Taxon_050"
"51","7d7863e5a16a7142e541d9801c655d94bd71dbd4","Taxon_051"
"52","c161735732d10ef81323d9b5812491897d2eb5ab","Taxon_052"
"53","8001433422f2dfb9b7333084b5ae4a31130f34f2","Taxon_053"
"54","5d1e702598dc91bd90ca55194435686a3fbf3e39","Taxon_054"
"55","62d19a0eb53d4e379f15622559c8e9909ebb7ce4","Taxon_055"
"56","cb0cf229832374ff8f4ce89c20348a90da9c04e1","Taxon_056"
"57","30742d31b3cc7a387b96133d0998ecee07c83597","Taxon_057"
"58","c6d586dc78d8ef5cac238cba2d5714407775bd69","Taxon_058"
"59","0af50c9e935876232e242db91bb835235691bf3a","Taxon_059"
"60","d15e926efd8720231adb32a8b4e6e40608827676","Taxon_060"
"61","18e037be8d4b3d7ff078a6a7f93a36824a74af4c","Taxon_061"
"62","be471fc50919fc3fef3fd721b6dabc9ccd707821","Taxon_062"
"63","60329bd4237ca594c21488f3c11a567bcef9553f","Taxon_063"
"64","7ed525639c40b9418b4743e59f833fa5b3bdf355","Taxon_064"
"65","b3c383966f3e35b437b2743e87d050190f41f3cf","Taxon_065"
"66","32b724badf559c4937ac462ca19137d71da9a2d0","Taxon_066"
"67","b221afd833a7452f3d4b3b7a69b2fb02d1a75573","Taxon_067"
"68","9795b0b48b4ec86da7449af888e6266d788c0f17","Taxon_068"
"69","2435eb1079be3ac735d5301e934ec881cf409ceb","Taxon_069"
"70","e3bb86462242cc75b2d9159e96f588a2ca09a5d3","Taxon_070"
"71","5c024b1d5c5f25af45599d69bd92b8837b2ba62f","Taxon_071"
"72","e3326d78fc42729ea464440aa62ec3ce02bd2829","Taxon_072"
"73","be1bd85cbedd796b3b70618ed8248f5c66768c49","Taxon_073"
"74","00ee5a56c8d1170d97064d14e3c21996fa86eb6d","Taxon_074"
"75","f508aa2c7ac6fb7774bd234785a5d5a0d9bfe1af","Taxon_075"
"76","c4f793f214b4797a41cbee59b06acb41f4c38601","Taxon_076"
"77","2888591f23daf76ef3ae53a7d4bd6ffe13361bb8","Taxon_077"
"78","9c177b556ac925aa7f5fa05607d9a4820e3dd201","Taxon_078"
"79","907f65c2424123b2b21da16ee51fef9a2d569532","Taxon_079"
"80","fa0f09b68858ed85bfbb2f024593cf28db09f76a","Taxon_080"
"81","f5eff4f6cfa27ce87100f93e7674f050a7e2fdbd","Taxon_081"
"82","f643b2f3a82df74c5d2960936c2e014d060e3a22","Taxon_082"
"83","95cac0e8257d19eb84caf4471d055d1afc771f1e","Taxon_083"
"84","81111a53c2ff86222e6d7ea52b33f4a7245b10b0","Taxon_084"
"85","4c562c7a275414a00788a05c97abe672981ffcea","Taxon_085"
"86","9a33de19684dd94fef15cc285fa6e9a6a7284e64","Taxon_086"
"87","75e73e13ea568bb911b99e63cc8a634d76007bff","Taxon_087"
"88","f2cd49b8de739c1d861686981591382353ee740c","Taxon_088"
"89","58643530496eca6b931079367249e3df0a65e8f9","Taxon_089"
"90","331197539e343315d2525e182d3931a1f7212fc7","Taxon_090"
"91","841e2266cf7339f0f87dc2dde8469459ce6a7fd9","Taxon_091"
"92","1601f9b4bc930fbd34941d0d6bcf2a5b1577e217","Taxon_092"
"93","45f95796be7b451d486a630dcf0f5055b4faa59d","Taxon_093"
"94","23cb87aa84a890ee8ba8c9ad585ab5c0986913a8","Taxon_094"
"95","5d2be06aa1ff742a96eae7b10b30f83e45e7047a","Taxon_095"
"96","cf62a26ab8c1b5312a68133cb90988e0b24ee387","Taxon_096"
"97","c51ba26786eb5812df3c3d681e5755e302ae36ac","Taxon_097"
"98","e2b90ad75805bdd7c9cb579723dd35dc425121ce","Taxon_098"
"99","f3d5863f9d49fc73652ae616bd0a22b9ab62d094","Taxon_099"
"100","f7e7a2b38d106cbf2fc8ee34e330d7dffbf979f2","Taxon_100"
"101","e8a3a3af865b67f1a1b6f91d5a51e56cb4165f55","Taxon_101"
"102","ad8f3e6aebd76a43e867a6a33ef4f2c045415701","Taxon_102"
"103","d09b717f7fba6c208f6f38981e63f6a204ce212a","Taxon_103"
"104","4b6b740f9b6d0ae003c5b1ee2bb36f4a9766dd3b","Taxon_104"
"105","2be6db4b2082bd78870fc08458896696e4e0309f","Taxon_105"
"106","4d529756d23c17365f145ba039a0c13539569a05","Taxon_106"
"107","a2f461203157f317123b649ebb5eeb602281be3c","Taxon_107"
"108","96a41542ada1cc55d3d1b24d01af3c73a716b1fb","Taxon_108"
"109","a65bd1b11f823e6003373f0b917f7b8a74b574db","Taxon_109"
"110","a820f46079cee471a98a4d886b3e769808e0036c","Taxon_110"
"111","df6094e740d8557982fa8d975139cdb6bc169069","Taxon_111"
"112","78c6cda8f1613447cf0cc79a3e7f659d9b9d608b","Taxon_112"
"113","827f99ae61c4f9a80e1b415ff8de0c02d35659dd","Taxon_113"
"114","fd1db39cdfb63cb59fde8427d0cdb9a8d7bfe7f8","Taxon_114"
"115","656b26d9d6b9520917b0b01eb9591ded899b18b2","Taxon_115"
"116","100b9902e7d87b18e3da840dae97330ad105c412","Taxon_116"
"117","95d2f7119a38bd3006cc2f4afa9fcbcf4f2504c7","Taxon_117"
"118","dc78ea7000749cdaa33f9199c52df6f0f90be099","Taxon_118"
"119","dd28e16bf1e48a6808059b3cc5e6c3e8fd917dc0","Taxon_119"
"120","824f37c47b0a84bbd4fd5301c486eb67f574dd82","Taxon_120"
"121","471e79a5296218d92da79623f4a5b9f0494cb457","Taxon_121"
"122","31adf9b0bfe620438b8e730fd474cc27e61c3cc4","Taxon_122"
"123","df5823fe2a8d10862daf8b3122776f35f7432a10","Taxon_123"
"124","c5096108c306c4feda0e54dde259d212245b2d5a","Taxon_124"
"125","25e8531396b00cb9cdd8c87db81331ec1a0ee28e","Taxon_125"
"126","8ca724635221340c6b4ee2d1081994aa500c9c1d","Taxon_126"
"127","6c9de38a8e4c0b3c2e00b1453f7804577f24db57","Taxon_127"
"128","ef1908ecd9607712442df79b8238f2a806e29ceb","Taxon_128"
"129","358d0def35bc8bcf2711011fb63f7fc511496cc5","Taxon_129"
"130","7aa929fd12fc38856e105d3092ae8752af4b44da","Taxon_130"
"131","6f74ea5d6a7d9a8f2d3fc543c6652a3c85e75e3d","Taxon_131"
"132","fb36913dbddae32c922f1316a062aae7ac65a132","Taxon_132"
